timeStamp,elapsed,label,responseCode,responseMessage,threadName,success,failureMessage,bytes,sentBytes,grpThreads,allThreads,URL,Latency,IdleTime,Connect,resultset_#
1.78169E+12,2937,"SELECT ms.c_name, ms.c_phone, ms.o_orderdate, ms.o_totalprice FROM master_sales ms WHERE ms.o_orderpriority = '1-URGENT' ORDER BY ms.o_orderdate DESC;",200,OK,Thread 1-1,TRUE,,55882,0,1,1,null,2874,0,0,1000
1.78169E+12,3839,"SELECT ms.c_name, ms.c_acctbal, ms.l_orderkey, ms.o_totalprice, ms.o_orderdate FROM master_sales ms WHERE ms.o_orderstatus = 'F'AND ms.o_totalprice > 100000 ORDER BY ms.o_totalprice DESC;",200,OK,Thread 1-1,TRUE,,55670,0,1,1,null,3819,0,0,1000
1.78169E+12,1666,"SELECT ms.c_name, ms.c_acctbal, ms.l_orderkey, ms.o_orderstatus, ms.o_orderdate FROM master_sales ms WHERE ms.c_acctbal < 0 AND ms.o_orderstatus = 'O' ORDER BY ms.c_acctbal ASC;",200,OK,Thread 1-1,TRUE,,47830,0,1,1,null,1658,0,0,1000
1.78169E+12,1306,"SELECT ms.c_name, ms.c_mktsegment,ms.l_orderkey, ms.o_orderdate, ms.o_totalprice FROM master_sales ms WHERE ms.o_orderpriority = '5-LOW'AND ms.o_orderdate > '1997-01-01' ORDER BY ms.o_orderdate DESC;",200,OK,Thread 1-1,TRUE,,57671,0,1,1,null,1298,0,0,1000
1.78169E+12,1956,"SELECT ms.c_name, ms.c_mktsegment, ms.l_orderkey, ms.o_totalprice, ms.o_orderpriority FROM master_sales ms WHERE ms.c_mktsegment = 'AUTOMOBILE'AND ms.o_totalprice > 200000 ORDER BY ms.o_totalprice DESC;",200,OK,Thread 1-1,TRUE,,57220,0,1,1,null,1951,0,1,1000
1.78169E+12,1251,"SELECT ms.c_name, ms.c_phone, ms.l_orderkey, ms.o_orderdate, ms.o_totalprice FROM master_sales ms WHERE ms.o_orderstatus = 'P' AND ms.o_shippriority = 0 ORDER BY ms.o_orderdate ASC;",200,OK,Thread 1-1,TRUE,,63737,0,1,1,null,1244,0,0,1000
1.78169E+12,1338,"SELECT ms.c_name, ms.c_mktsegment, ms.l_orderkey, ms.o_orderpriority, ms.o_totalprice, ms.o_orderdate FROM master_sales ms WHERE ms.c_mktsegment = 'BUILDING' AND ms.o_orderpriority = '2-HIGH' AND ms.o_orderstatus = 'F' ORDER BY ms.o_orderdate DESC;",200,OK,Thread 1-1,TRUE,,63437,0,1,1,null,1332,0,0,1000
1.78169E+12,2429,"SELECT ms.c_name, ms.c_acctbal, ms.l_orderkey, ms.o_orderdate, ms.o_totalprice FROM master_sales ms WHERE ms.o_orderdate BETWEEN '1995-01-01' AND '1995-12-31' ORDER BY ms.o_orderdate ASC, ms.o_totalprice DESC;",200,OK,Thread 1-1,TRUE,,55766,0,1,1,null,2424,0,0,1000
1.78169E+12,1622,"SELECT ms.c_name, ms.c_acctbal, ms.c_mktsegment,ms.l_orderkey, ms.o_totalprice, ms.o_orderpriority FROM master_sales ms WHERE ms.c_acctbal > 8000 AND ms.o_orderpriority = '3-MEDIUM' ORDER BY ms.c_acctbal DESC;",200,OK,Thread 1-1,TRUE,,63777,0,1,1,null,1620,0,0,1000
1.78169E+12,1542,"SELECT ms.c_name, ms.c_mktsegment, ms.l_orderkey,ms.o_totalprice, ms.o_orderdate, ms.o_orderstatus FROM master_sales ms WHERE ms.c_mktsegment = 'HOUSEHOLD'AND ms.o_orderstatus = 'F'AND ms.o_totalprice < 20000 ORDER BY ms.o_totalprice ASC;",200,OK,Thread 1-1,TRUE,,57880,0,1,1,null,1538,0,0,1000
1.78169E+12,2882,"SELECT EXTRACT(YEAR FROM ms.o_orderdate) AS an_comanda, SUM(ms.l_extendedprice) AS total_facturat FROM master_sales ms GROUP BY EXTRACT (YEAR FROM ms.o_orderdate) ORDER BY an_comanda ASC;",200,OK,Thread 1-1,TRUE,,166,0,1,1,null,2876,0,0,7
1.78169E+12,1773,"SELECT ms.l_shipmode, SUM(ms.l_quantity) AS total_cantitate FROM master_sales ms GROUP BY ms.l_shipmode ORDER BY total_cantitate DESC;",200,OK,Thread 1-1,TRUE,,148,0,1,1,null,1772,0,0,7
1.78169E+12,1781,"SELECT ms.o_orderpriority, SUM(ms.l_discount) AS total_discount FROM master_sales ms GROUP BY ms.o_orderpriority ORDER BY total_discount DESC;",200,OK,Thread 1-1,TRUE,,123,0,1,1,null,1781,0,0,5
1.78169E+12,2654,"SELECT ms.l_linestatus, SUM(ms.l_extendedprice * (1 - ms.l_discount)) AS valoare_neta FROM master_sales ms GROUP BY ms.l_linestatus ORDER BY valoare_neta DESC;",200,OK,Thread 1-1,TRUE,,66,0,1,1,null,2653,0,0,2
1.78169E+12,1695,"SELECT ms.o_orderstatus,SUM(ms.l_tax) AS total_taxe FROM master_sales ms GROUP BY ms.o_orderstatus ORDER BY total_taxe DESC;",200,OK,Thread 1-1,TRUE,,59,0,1,1,null,1694,0,0,3
1.78169E+12,1714,"SELECT ms.l_shipinstruct, SUM(ms.l_quantity) AS total_cantitate FROM master_sales ms GROUP BY ms.l_shipinstruct ORDER BY total_cantitate DESC;",200,OK,Thread 1-1,TRUE,,131,0,1,1,null,1714,0,0,4
1.78169E+12,3391,"SELECT EXTRACT (YEAR FROM ms.l_shipdate) AS an_expediere,EXTRACT (MONTH FROM ms.l_shipdate) AS luna_expediere, SUM(ms.l_extendedprice) AS total_facturat FROM master_sales ms GROUP BY EXTRACT (YEAR FROM ms.l_shipdate), EXTRACT (MONTH FROM ms.l_shipdate) ORDER BY an_expediere ASC, luna_expediere ASC;",200,OK,Thread 1-1,TRUE,,1822,0,1,1,null,3385,0,0,84
1.78169E+12,1564,"SELECT ms.o_orderpriority, SUM(ms.o_totalprice) AS total_valoare_finalizata FROM master_sales ms WHERE ms.o_orderstatus = 'F' GROUP BY ms.o_orderpriority ORDER BY total_valoare_finalizata DESC;",200,OK,Thread 1-1,TRUE,,168,0,1,1,null,1563,0,0,5
1.78169E+12,2915,"SELECT EXTRACT (YEAR FROM ms.o_orderdate) AS an_comanda, ms.l_shipmode,SUM(ms.l_extendedprice) AS total_facturat FROM master_sales ms GROUP BY EXTRACT (YEAR FROM ms.o_orderdate), ms.l_shipmode ORDER BY an_comanda ASC,total_facturat DESC;",200,OK,Thread 1-1,TRUE,,1227,0,1,1,null,2915,0,1,49
1.78169E+12,1948,"SELECT ms.l_shipmode, ms.l_linestatus,SUM(ms.l_discount) AS total_discount FROM master_sales ms GROUP BY ms.l_shipmode, ms.l_linestatus ORDER BY ms.l_shipmode ASC, total_discount DESC;",200,OK,Thread 1-1,TRUE,,267,0,1,1,null,1948,0,0,14
1.78169E+12,10776,"SELECT EXTRACT (YEAR FROM ms.o_orderdate) AS an_comanda,COUNT(DISTINCT ms.l_orderkey) AS nr_comenzi FROM master_sales ms GROUP BY EXTRACT (YEAR FROM ms.o_orderdate) ORDER BY an_comanda ASC;",200,OK,Thread 1-1,TRUE,,106,0,1,1,null,10775,0,0,7
1.78169E+12,1510,"SELECT ms.l_shipmode, COUNT(*) AS nr_linii FROM master_sales ms GROUP BY ms.l_shipmode ORDER BY nr_linii DESC;",200,OK,Thread 1-1,TRUE,,106,0,1,1,null,1509,0,0,7
1.78169E+12,7621,"SELECT ms.o_orderstatus, COUNT(DISTINCT ms.l_orderkey) AS nr_comenzi FROM master_sales ms GROUP BY ms.o_orderstatus ORDER BY nr_comenzi DESC;",200,OK,Thread 1-1,TRUE,,51,0,1,1,null,7620,0,0,3
1.78169E+12,1521,"SELECT ms.o_orderpriority, COUNT(*) AS nr_linii FROM master_sales ms GROUP BY ms.o_orderpriority ORDER BY nr_linii DESC;",200,OK,Thread 1-1,TRUE,,112,0,1,1,null,1521,0,1,5
1.78169E+12,1261,"SELECT ms.l_linestatus,COUNT(*) AS nr_linii FROM master_sales ms GROUP BY ms.l_linestatus ORDER BY nr_linii DESC;",200,OK,Thread 1-1,TRUE,,42,0,1,1,null,1260,0,0,2
1.78169E+12,7924,"SELECT ms.l_shipinstruct, COUNT(DISTINCT ms.l_orderkey) AS nr_comenzi FROM master_sales ms GROUP BY ms.l_shipinstruct ORDER BY nr_comenzi DESC;",200,OK,Thread 1-1,TRUE,,106,0,1,1,null,7924,0,0,4
1.78169E+12,2063,"SELECT EXTRACT (MONTH FROM ms.l_shipdate) AS luna_expediere, COUNT(*) AS nr_linii FROM master_sales ms GROUP BY EXTRACT (MONTH FROM ms.l_shipdate) ORDER BY luna_expediere ASC;",200,OK,Thread 1-1,TRUE,,135,0,1,1,null,2062,0,0,12
1.78169E+12,14975,"SELECT EXTRACT (YEAR FROM ms.o_orderdate) AS an_comanda, ms.o_orderpriority,COUNT(DISTINCT ms.l_orderkey) AS nr_comenzi FROM master_sales ms GROUP BY EXTRACT (YEAR FROM ms.o_orderdate),ms.o_orderpriority ORDER BY an_comanda ASC,nr_comenzi DESC;",200,OK,Thread 1-1,TRUE,,752,0,1,1,null,14973,0,0,35
1.78169E+12,1887,"SELECT ms.l_shipmode,ms.l_linestatus,COUNT(*) AS nr_linii FROM master_sales ms GROUP BY ms.l_shipmode, ms.l_linestatus ORDER BY ms.l_shipmode ASC, nr_linii DESC;",200,OK,Thread 1-1,TRUE,,233,0,1,1,null,1886,0,0,14
1.78169E+12,2480,"SELECT ms.o_orderstatus,EXTRACT (YEAR FROM ms.l_shipdate) AS an_expediere, COUNT(*) AS nr_linii FROM master_sales ms GROUP BY ms.o_orderstatus, EXTRACT (YEAR FROM ms.l_shipdate) ORDER BY ms.o_orderstatus ASC, an_expediere ASC;",200,OK,Thread 1-1,TRUE,,162,0,1,1,null,2480,0,1,9
1.78169E+12,97746,"SELECT msu.s_name, msu.s_nation_name,SUM(ms.l_extendedprice) AS total_facturat FROM master_supplier msu INNER JOIN master_sales ms ON msu.ps_suppkey = ms.l_suppkey GROUP BY msu.ps_suppkey, msu.s_name, msu.s_nation_name HAVING SUM(ms.l_extendedprice) > 500000 ORDER BY total_facturat DESC;",200,OK,Thread 1-1,TRUE,,41266,0,1,1,null,97738,0,0,1000
1.78169E+12,80358,"SELECT msu.s_name, SUM(ms.l_quantity) AS total_cantitate FROM master_supplier msu INNER JOIN master_sales ms ON msu.ps_suppkey = ms.l_suppkey GROUP BY msu.ps_suppkey, msu.s_name HAVING SUM(ms.l_quantity) < 15000 ORDER BY total_cantitate ASC;",200,OK,Thread 1-1,TRUE,,23,0,1,1,null,80356,0,0,0
1.78169E+12,87952,"SELECT msu.s_name, MIN(ms.l_extendedprice) AS pret_minim_linie FROM master_supplier msu INNER JOIN master_sales ms ON msu.ps_suppkey = ms.l_suppkey GROUP BY msu.ps_suppkey, msu.s_name HAVING MIN(ms.l_extendedprice) < 200 ORDER BY pret_minim_linie ASC;",200,OK,Thread 1-1,TRUE,,24,0,1,1,null,87950,0,0,0
1.78169E+12,88226,"SELECT msu.s_name, MAX(ms.l_extendedprice) AS pret_maxim_linie FROM master_supplier msu INNER JOIN master_sales ms ON msu.ps_suppkey = ms.l_suppkey GROUP BY msu.ps_suppkey,msu.s_name HAVING MAX(ms.l_extendedprice) > 100000 ORDER BY pret_maxim_linie DESC;",200,OK,Thread 1-1,TRUE,,29024,0,1,1,null,88218,0,0,1000
1.78169E+12,80843,"SELECT msu.s_name, SUM(ms.l_discount) AS total_discount FROM master_supplier msu INNER JOIN master_sales ms ON msu.ps_suppkey = ms.l_suppkey GROUP BY msu.ps_suppkey, msu.s_name HAVING SUM(ms.l_discount) > 50 ORDER BY total_discount DESC;",200,OK,Thread 1-1,TRUE,,27022,0,1,1,null,80836,0,1,1000
1.78169E+12,80801,"SELECT msu.s_name, MAX(ms.l_tax) AS taxa_maxima FROM master_supplier msu INNER JOIN master_sales ms ON msu.ps_suppkey = ms.l_suppkey GROUP BY msu.ps_suppkey, msu.s_name HAVING MAX(ms.l_tax) >= 0.08 ORDER BY taxa_maxima DESC;",200,OK,Thread 1-1,TRUE,,24019,0,1,1,null,80794,0,1,1000
1.78169E+12,79852,"SELECT msu.s_name, MIN(ms.l_quantity) AS cantitate_minima FROM master_supplier msu INNER JOIN master_sales ms ON msu.ps_suppkey = ms.l_suppkey GROUP BY msu.ps_suppkey, msu.s_name HAVING MIN(ms.l_quantity) < 2 ORDER BY cantitate_minima ASC;",200,OK,Thread 1-1,TRUE,,24024,0,1,1,null,79846,0,0,1000
1.78169E+12,155364,"SELECT msu.s_name, SUM(ms.l_extendedprice * (1 - ms.l_discount)) AS valoare_neta_totala FROM master_supplier msu JOIN master_sales ms ON msu.ps_suppkey = ms.l_suppkey GROUP BY msu.ps_suppkey,msu.s_name HAVING SUM(ms.l_extendedprice * (1 - ms.l_discount)) > 600000 ORDER BY valoare_neta_totala DESC;",200,OK,Thread 1-1,TRUE,,35027,0,1,1,null,155358,0,0,1000
1.78169E+12,79700,"SELECT msu.s_name,MAX(ms.l_quantity) AS cantitate_maxima FROM master_supplier msu INNER JOIN master_sales ms ON msu.ps_suppkey = ms.l_suppkey GROUP BY msu.ps_suppkey,msu.s_name HAVING MAX(ms.l_quantity) > 45 ORDER BY cantitate_maxima DESC;",200,OK,Thread 1-1,TRUE,,25024,0,1,1,null,79696,0,0,1000
1.78169E+12,80501,"SELECT msu.s_name, SUM(ms.l_tax) AS total_taxe FROM master_supplier msu JOIN master_sales ms ON msu.ps_suppkey = ms.l_suppkey GROUP BY msu.ps_suppkey, msu.s_name HAVING SUM(ms.l_tax) < 5 ORDER BY total_taxe ASC;",200,OK,Thread 1-1,TRUE,,18,0,1,1,null,80497,0,0,0
1.78169E+12,88489,"SELECT msu.s_name, MAX(ms.l_extendedprice) AS pret_maxim_linie FROM master_supplier msu INNER JOIN master_sales ms ON msu.ps_suppkey = ms.l_suppkey GROUP BY msu.ps_suppkey, msu.s_name HAVING MAX(ms.l_extendedprice) < 1000 ORDER BY pret_maxim_linie DESC;",200,OK,Thread 1-1,TRUE,,24,0,1,1,null,88487,0,0,0
1.78169E+12,107274,"SELECT msu.s_name, MIN(ms.l_discount) AS discount_minim, SUM(ms.l_extendedprice) AS total_facturat FROM master_supplier msu INNER JOIN master_sales ms ON msu.ps_suppkey = ms.l_suppkey GROUP BY msu.ps_suppkey, msu.s_name HAVING MIN(ms.l_discount) = 0 ORDER BY total_facturat DESC;",200,OK,Thread 1-1,TRUE,,38037,0,1,1,null,107262,0,0,1000
1.78169E+12,80243,"SELECT msu.s_name, SUM(ms.l_quantity) AS total_cantitate FROM master_supplier msu INNER JOIN master_sales ms ON msu.ps_suppkey = ms.l_suppkey GROUP BY msu.ps_suppkey, msu.s_name HAVING SUM(ms.l_quantity) BETWEEN 1000 AND 2000 ORDER BY total_cantitate ASC;",200,OK,Thread 1-1,TRUE,,23,0,1,1,null,80239,0,1,0
1.78169E+12,110345,"SELECT msu.s_name, MIN(ms.l_extendedprice) AS pret_minim, MAX(ms.l_extendedprice) AS pret_maxim, MAX(ms.l_extendedprice) - MIN(ms.l_extendedprice) AS spread_pret FROM master_supplier msu INNER JOIN master_sales ms ON msu.ps_suppkey = ms.l_suppkey GROUP BY msu.ps_suppkey,msu.s_name HAVING MAX(ms.l_extendedprice) - MIN(ms.l_extendedprice) > 90000 ORDER BY spread_pret DESC;",200,OK,Thread 1-1,TRUE,,46533,0,1,1,null,110338,0,0,1000
1.78169E+12,23301,"SELECT msu.s_name, SUM(ms.l_extendedprice) AS total_returnat FROM master_supplier msu INNER JOIN master_sales ms ON msu.ps_suppkey = ms.l_suppkey WHERE ms.l_returnflag = 'R' GROUP BY msu.ps_suppkey,msu.s_name HAVING SUM(ms.l_extendedprice) > 200000 ORDER BY total_returnat DESC;",200,OK,Thread 1-1,TRUE,,32022,0,1,1,null,23297,0,0,1000
1.78169E+12,13080,"SELECT msu.s_name, MAX(ms.l_quantity) AS cantitate_maxima_air FROM master_supplier msu INNER JOIN master_sales ms ON msu.ps_suppkey = ms.l_suppkey WHERE ms.l_shipmode = 'AIR' GROUP BY msu.ps_suppkey, msu.s_name HAVING MAX(ms.l_quantity) > 40 ORDER BY cantitate_maxima_air DESC;",200,OK,Thread 1-1,TRUE,,25028,0,1,1,null,13078,0,0,1000
1.78169E+12,152552,"SELECT msu.s_name, MIN(ms.l_extendedprice * (1 - ms.l_discount)) AS valoare_neta_minima FROM master_supplier msu INNER JOIN master_sales ms ON msu.ps_suppkey = ms.l_suppkey GROUP BY msu.ps_suppkey, msu.s_name HAVING MIN(ms.l_extendedprice * (1 - ms.l_discount)) < 300 ORDER BY valoare_neta_minima ASC;",200,OK,Thread 1-1,TRUE,,27,0,1,1,null,152548,0,0,0
1.78169E+12,41781,"SELECT msu.s_name, SUM(ms.l_tax) AS total_taxe_finalizate FROM master_supplier msu INNER JOIN master_sales ms ON msu.ps_suppkey = ms.l_suppkey WHERE ms.l_linestatus = 'F' GROUP BY msu.ps_suppkey, msu.s_name HAVING SUM(ms.l_tax) > 30 ORDER BY total_taxe_finalizate DESC;",200,OK,Thread 1-1,TRUE,,27029,0,1,1,null,41779,0,0,1000
1.78169E+12,109687,"SELECT msu.s_name, MAX(ms.l_discount) AS discount_maxim, SUM(ms.l_extendedprice) AS total_facturat FROM master_supplier msu INNER JOIN master_sales ms ON msu.ps_suppkey = ms.l_suppkey GROUP BY msu.ps_suppkey, msu.s_name HAVING MAX(ms.l_discount) = 0.10 ORDER BY total_facturat DESC;",200,OK,Thread 1-1,TRUE,,38037,0,1,1,null,109682,0,0,1000
1.78169E+12,14230,"SELECT msu.s_name,SUM(ms.l_extendedprice) AS total_facturat_truck FROM master_supplier msu INNER JOIN master_sales ms ON msu.ps_suppkey = ms.l_suppkey WHERE ms.l_shipmode = 'TRUCK' GROUP BY msu.ps_suppkey, msu.s_name HAVING SUM(ms.l_extendedprice) > 300000 ORDER BY total_facturat_truck DESC;",200,OK,Thread 1-1,TRUE,,32028,0,1,1,null,14227,0,1,1000
1.78169E+12,1326,"SELECT ms.c_name,ms.c_mktsegment, ms.o_orderdate, ms.o_orderpriority, ms.l_shipmode, ms.l_extendedprice FROM master_sales ms WHERE ms.c_mktsegment = 'AUTOMOBILE' AND ms.o_orderpriority = '1-URGENT' AND ms.l_shipmode = 'AIR' ORDER BY ms.o_orderdate DESC, ms.l_extendedprice DESC;",200,OK,Thread 1-1,TRUE,,62950,0,1,1,null,1318,0,0,1000
1.78169E+12,1461,"SELECT ms.c_name,ms.c_acctbal, ms.o_orderdate, ms.o_totalprice, ms.l_returnflag, ms.l_extendedprice FROM master_sales ms WHERE ms.c_mktsegment = 'BUILDING' AND ms.o_orderstatus = 'F' AND ms.l_returnflag = 'R' ORDER BY ms.o_totalprice DESC, ms.o_orderdate ASC;",200,OK,Thread 1-1,TRUE,,58929,0,1,1,null,1448,0,0,1000
1.78169E+12,1289,"SELECT ms.c_name, ms.c_phone, ms.o_orderdate, ms.o_orderpriority, ms.l_shipmode, ms.l_quantity FROM master_sales ms WHERE ms.c_mktsegment = 'HOUSEHOLD' AND ms.o_orderdate > '1997-01-01' AND ms.l_shipmode = 'TRUCK' ORDER BY ms.o_orderdate DESC, ms.l_quantity DESC;",200,OK,Thread 1-1,TRUE,,67395,0,1,1,null,1286,0,0,1000
1.78169E+12,1452,"SELECT ms.c_name, ms.c_acctbal, ms.l_orderkey, ms.o_orderpriority, ms.l_discount, ms.l_extendedprice FROM master_sales ms WHERE ms.c_acctbal > 7000 AND ms.o_orderpriority = '2-HIGH'AND ms.l_discount = 0.10 ORDER BY ms.c_acctbal DESC, ms.l_extendedprice DESC;",200,OK,Thread 1-1,TRUE,,55762,0,1,1,null,1449,0,0,1000
1.78169E+12,1469,"SELECT ms.c_name, ms.c_mktsegment, ms.o_orderdate, ms.l_shipdate, ms.l_linestatus, ms.l_extendedprice FROM master_sales ms WHERE ms.c_mktsegment = 'MACHINERY'AND ms.l_linestatus = 'O' AND ms.l_shipdate BETWEEN '1996-01-01' AND '1996-12-31' ORDER BY ms.l_shipdate ASC, ms.l_extendedprice DESC;",200,OK,Thread 1-1,TRUE,,61944,0,1,1,null,1463,0,0,1000
1.78169E+12,1854,"SELECT ms.c_name, ms.c_mktsegment, ms.o_orderpriority, ms.o_orderdate, ms.l_shipmode, ms.l_extendedprice FROM master_sales ms WHERE ms.o_orderpriority IN ('1-URGENT', '2-HIGH') AND ms.l_shipmode = 'RAIL' ORDER BY ms.o_orderpriority ASC, ms.o_orderdate DESC;",200,OK,Thread 1-1,TRUE,,62910,0,1,1,null,1851,0,0,1000
1.78169E+12,1577,"SELECT ms.c_name, ms.c_mktsegment, ms.o_orderdate, ms.o_totalprice, ms.l_quantity, ms.l_shipmode FROM master_sales ms WHERE ms.c_mktsegment = 'FURNITURE' AND ms.l_quantity > 40 AND ms.l_shipmode = 'SHIP' ORDER BY ms.l_quantity DESC, ms.o_totalprice DESC;",200,OK,Thread 1-1,TRUE,,61067,0,1,1,null,1573,0,0,1000
1.78169E+12,4407,"SELECT ms.c_name, ms.c_acctbal, ms.o_orderdate, ms.l_commitdate, ms.l_receiptdate, ms.l_extendedprice FROM master_sales ms WHERE ms.l_linestatus = 'O' AND ms.l_receiptdate > ms.l_commitdate AND ms.c_acctbal > 0 ORDER BY ms.l_receiptdate DESC, ms.l_extendedprice DESC;",200,OK,Thread 1-1,TRUE,,68833,0,1,1,null,4402,0,0,1000
1.78169E+12,1271,"SELECT ms.c_name,ms.c_mktsegment,ms.o_orderdate,ms.o_totalprice,ms.l_shipinstruct,ms.l_tax FROM master_sales ms WHERE ms.c_mktsegment = 'AUTOMOBILE' AND ms.l_shipinstruct = 'DELIVER IN PERSON' AND ms.l_tax = 0.08 ORDER BY ms.o_totalprice DESC, ms.o_orderdate ASC;",200,OK,Thread 1-1,TRUE,,74066,0,1,1,null,1264,0,0,1000
1.78169E+12,1392,"SELECT ms.c_name, ms.c_phone, ms.o_totalprice, ms.o_orderstatus, ms.l_shipinstruct, ms.l_extendedprice FROM master_sales ms WHERE ms.o_totalprice > 150000 AND ms.o_orderstatus = 'P' AND ms.l_shipinstruct = 'NONE' ORDER BY ms.o_totalprice DESC, ms.l_extendedprice DESC;",200,OK,Thread 1-1,TRUE,,61056,0,1,1,null,1389,0,0,1000
1.78169E+12,922,"SELECT msu.s_name, COUNT(DISTINCT msu.ps_partkey) AS nr_piese FROM master_supplier msu GROUP BY msu.ps_suppkey, msu.s_name ORDER BY nr_piese DESC;",200,OK,Thread 1-1,TRUE,,22016,0,1,1,null,921,0,0,1000
1.78169E+12,1074,"SELECT msu.p_type, COUNT(DISTINCT msu.ps_suppkey) AS nr_furnizori FROM master_supplier msu GROUP BY msu.p_type ORDER BY nr_furnizori DESC;",200,OK,Thread 1-1,TRUE,,4010,0,1,1,null,1072,0,0,150
1.78169E+12,1320,"SELECT msu.p_brand, msu.s_name, COUNT(DISTINCT msu.ps_partkey) AS nr_piese FROM master_supplier msu GROUP BY msu.p_brand,msu.ps_suppkey, msu.s_name ORDER BY msu.p_brand ASC, nr_piese DESC;",200,OK,Thread 1-1,TRUE,,30045,0,1,1,null,1318,0,1,1000
1.78169E+12,208,"SELECT msu.p_container, COUNT(*) AS nr_combinatii FROM master_supplier msu GROUP BY msu.p_container ORDER BY nr_combinatii DESC;",200,OK,Thread 1-1,TRUE,,609,0,1,1,null,207,0,1,40
1.78169E+12,577,"SELECT msu.p_size, COUNT(DISTINCT msu.ps_suppkey) AS nr_furnizori FROM master_supplier msu GROUP BY msu.p_size ORDER BY msu.p_size ASC;",200,OK,Thread 1-1,TRUE,,411,0,1,1,null,575,0,0,50
1.78169E+12,1396,"SELECT msu.p_mfgr, msu.s_name, COUNT(DISTINCT msu.ps_partkey) AS nr_piese FROM master_supplier msu GROUP BY msu.p_mfgr, msu.ps_suppkey, msu.s_name ORDER BY msu.p_mfgr ASC, nr_piese DESC;",200,OK,Thread 1-1,TRUE,,37023,0,1,1,null,1389,0,0,1000
1.78169E+12,407,"SELECT msu.p_brand, COUNT(DISTINCT msu.ps_suppkey) AS nr_furnizori FROM master_supplier msu WHERE msu.p_type LIKE '%BRASS%' GROUP BY msu.p_brand ORDER BY nr_furnizori DESC;",200,OK,Thread 1-1,TRUE,,371,0,1,1,null,405,0,0,25
1.78169E+12,261,"SELECT msu.s_name, COUNT(DISTINCT msu.ps_partkey) AS nr_piese_mici FROM master_supplier msu WHERE msu.p_size <= 5 GROUP BY msu.ps_suppkey, msu.s_name ORDER BY nr_piese_mici DESC;",200,OK,Thread 1-1,TRUE,,22021,0,1,1,null,258,0,0,1000
1.78169E+12,964,"SELECT msu.s_nation_name AS natiune_furnizor, COUNT(DISTINCT msu.p_brand) AS nr_branduri,COUNT(DISTINCT msu.ps_suppkey) AS nr_furnizori FROM master_supplier msu GROUP BY msu.s_nation_name ORDER BY nr_furnizori DESC;",200,OK,Thread 1-1,TRUE,,419,0,1,1,null,963,0,0,25
1.78169E+12,1574,"SELECT msu.s_region_name AS regiune_furnizor, msu.p_container, COUNT(DISTINCT msu.ps_partkey) AS nr_piese FROM master_supplier msu GROUP BY msu.s_region_name, msu.p_container ORDER BY msu.s_region_name ASC, nr_piese DESC;",200,OK,Thread 1-1,TRUE,,4313,0,1,1,null,1572,0,0,200
1.78169E+12,2754,"SELECT ms.c_name, ms.c_mktsegment, SUM(ms.l_extendedprice) AS total_facturat FROM master_sales ms WHERE EXTRACT (YEAR FROM ms.o_orderdate) = 1996 GROUP BY ms.c_name, ms.c_mktsegment ORDER BY total_facturat DESC;",200,OK,Thread 1-1,TRUE,,40029,0,1,1,null,2751,0,0,1000
1.78169E+12,2845,"SELECT ms.c_mktsegment, SUM(ms.l_extendedprice * (1 - ms.l_discount)) AS valoare_neta_totala FROM master_sales ms GROUP BY ms.c_mktsegment ORDER BY valoare_neta_totala DESC;",200,OK,Thread 1-1,TRUE,,168,0,1,1,null,2843,0,0,5
1.78169E+12,1622,"SELECT ms.c_name, ms.c_acctbal, SUM(ms.l_tax) AS total_taxe FROM master_sales ms WHERE ms.c_mktsegment = 'AUTOMOBILE' GROUP BY ms.c_name, ms.c_acctbal ORDER BY total_taxe DESC;",200,OK,Thread 1-1,TRUE,,31927,0,1,1,null,1619,0,0,1000
1.78169E+12,7131,"SELECT ms.c_name, ms.l_shipmode, SUM(ms.l_quantity) AS total_cantitate FROM master_sales ms GROUP BY ms.c_name, ms.l_shipmode ORDER BY ms.c_name ASC, total_cantitate DESC;",200,OK,Thread 1-1,TRUE,,31132,0,1,1,null,7126,0,0,1000
1.78169E+12,2251,"SELECT ms.c_mktsegment, ms.o_orderstatus, SUM(ms.l_discount) AS total_discount FROM master_sales ms GROUP BY ms.c_mktsegment, ms.o_orderstatus ORDER BY ms.c_mktsegment ASC, total_discount DESC;",200,OK,Thread 1-1,TRUE,,352,0,1,1,null,2249,0,2,15
1.78169E+12,3015,"SELECT ms.c_name, ms.c_mktsegment, SUM(ms.l_extendedprice) AS total_returnat FROM master_sales ms WHERE ms.l_returnflag = 'R' GROUP BY ms.c_name, ms.c_mktsegment ORDER BY total_returnat DESC;",200,OK,Thread 1-1,TRUE,,40010,0,1,1,null,3013,0,0,1000
1.78169E+12,3598,"SELECT ms.c_name, EXTRACT (YEAR FROM ms.o_orderdate) AS an_comanda, SUM(DISTINCT ms.o_totalprice) AS total_valoare_urgenta FROM master_sales ms WHERE ms.o_orderpriority = '1-URGENT' GROUP BY ms.c_name, EXTRACT (YEAR FROM ms.o_orderdate) ORDER BY an_comanda ASC,total_valoare_urgenta DESC;",200,OK,Thread 1-1,TRUE,,34048,0,1,1,null,3596,0,0,1000
1.78169E+12,6184,"SELECT ms.c_name, ms.l_shipmode, SUM(ms.l_extendedprice * (1 - ms.l_discount)) AS valoare_neta FROM master_sales ms WHERE ms.l_linestatus = 'F' GROUP BY ms.c_name, ms.l_shipmode ORDER BY valoare_neta DESC;",200,OK,Thread 1-1,TRUE,,36299,0,1,1,null,6181,0,0,1000
1.78169E+12,3292,"SELECT ms.c_mktsegment, EXTRACT (YEAR FROM ms.l_shipdate) AS an_expediere, SUM(ms.l_quantity) AS total_cantitate, SUM(ms.l_extendedprice) AS total_facturat FROM master_sales ms GROUP BY ms.c_mktsegment, EXTRACT (YEAR FROM ms.l_shipdate) ORDER BY ms.c_mktsegment ASC, an_expediere ASC;",200,OK,Thread 1-1,TRUE,,1457,0,1,1,null,3291,0,0,35
1.78169E+12,2429,"SELECT ms.c_nation_name AS natiune_client, ms.o_orderpriority, SUM(ms.l_extendedprice)AS total_facturat FROM master_sales ms GROUP BY ms.c_nation_name, ms.o_orderpriority ORDER BY ms.c_nation_name ASC, total_facturat DESC;",200,OK,Thread 1-1,TRUE,,3981,0,1,1,null,2428,0,0,125
1.78169E+12,1527,"SELECT c_name, SUM(l_extendedprice) AS total_cheltuit FROM master_sales WHERE c_mktsegment = 'BUILDING' GROUP BY c_name HAVING SUM(l_extendedprice) > 500000;",200,OK,Thread 1-1,TRUE,,29948,0,1,1,null,1525,0,0,1000
1.78169E+12,280,"SELECT s_name, SUM(ps_availqty) AS stoc_total_cupru FROM master_supplier WHERE p_type LIKE '%COPPER%' GROUP BY s_name HAVING SUM(ps_availqty) > 8000;",200,OK,Thread 1-1,TRUE,,25192,0,1,1,null,278,0,0,1000
1.78169E+12,1387,"SELECT c_name, COUNT(l_linenumber) AS numar_linii_comanda FROM master_sales WHERE c_mktsegment = 'AUTOMOBILE' GROUP BY c_name HAVING COUNT(l_linenumber) > 50;",200,OK,Thread 1-1,TRUE,,22158,0,1,1,null,1384,0,0,1000
1.78169E+12,151,"SELECT s_name, COUNT(ps_partkey) AS piese_oferite FROM master_supplier WHERE p_brand = 'Brand#11' GROUP BY s_name HAVING COUNT(ps_partkey) > 10;",200,OK,Thread 1-1,TRUE,,131,0,1,1,null,150,0,0,5
1.78169E+12,2818,"SELECT c_name, SUM(l_quantity) AS cantitate_totala FROM master_sales WHERE o_orderstatus = 'F' GROUP BY c_name HAVING SUM(l_quantity) > 1000;",200,OK,Thread 1-1,TRUE,,27024,0,1,1,null,2816,0,0,1000
1.78169E+12,188,"SELECT s_name, SUM(ps_supplycost) AS cost_aprovizionare FROM master_supplier WHERE p_size < 10 GROUP BY s_name HAVING SUM(ps_supplycost) > 20000;",200,OK,Thread 1-1,TRUE,,26,0,1,1,null,186,0,0,0
1.78169E+12,1943,"SELECT c_name, SUM(l_tax) AS taxe_totale FROM master_sales WHERE o_orderpriority = '1-URGENT' GROUP BY c_name HAVING SUM(l_tax) > 10000;",200,OK,Thread 1-1,TRUE,,19,0,1,1,null,1943,0,0,0
1.78169E+12,178,"SELECT s_name, SUM(ps_availqty) AS stoc_curent FROM master_supplier WHERE p_mfgr = 'Manufacturer#1' GROUP BY s_name HAVING SUM(ps_availqty) > 15000;",200,OK,Thread 1-1,TRUE,,25188,0,1,1,null,176,0,0,1000
1.78169E+12,2210,"SELECT c_name, SUM(l_discount) AS discount_total FROM master_sales WHERE l_returnflag = 'R' GROUP BY c_name HAVING SUM(l_discount) > 500;",200,OK,Thread 1-1,TRUE,,22,0,1,1,null,2210,0,1,0
1.78169E+12,1594,"SELECT c_name, o_orderdate, COUNT(l_linenumber) AS expedieri_aer FROM master_sales WHERE l_shipmode = 'AIR' GROUP BY c_name, o_orderdate HAVING COUNT(l_linenumber) > 30;",200,OK,Thread 1-1,TRUE,,33,0,1,1,null,1594,0,0,0
1.78169E+12,1505,"SELECT c_name, MAX(l_extendedprice) AS pret_maxim_linie FROM master_sales WHERE c_mktsegment = 'MACHINERY' GROUP BY c_name ORDER BY pret_maxim_linie DESC;",200,OK,Thread 1-1,TRUE,,28821,0,1,1,null,1504,0,0,1000
1.78169E+12,252,"SELECT p_type, MIN(ps_supplycost) AS cost_minim FROM master_supplier GROUP BY p_type ORDER BY cost_minim ASC;",200,OK,Thread 1-1,TRUE,,4008,0,1,1,null,251,0,0,150
1.78169E+12,1823,"SELECT o_clerk, MAX(l_quantity) AS cantitate_maxima FROM master_sales GROUP BY o_clerk ORDER BY cantitate_maxima DESC;",200,OK,Thread 1-1,TRUE,,22025,0,1,1,null,1821,0,0,1000
1.78169E+12,245,"SELECT p_mfgr, MIN(p_retailprice) AS cel_mai_ieftin_retail FROM master_supplier GROUP BY p_mfgr ORDER BY cel_mai_ieftin_retail ASC;",200,OK,Thread 1-1,TRUE,,139,0,1,1,null,245,0,0,5
1.78169E+12,1690,"SELECT l_shipmode, MAX(l_discount) AS discount_maxim FROM master_sales GROUP BY l_shipmode ORDER BY discount_maxim DESC;",200,OK,Thread 1-1,TRUE,,98,0,1,1,null,1689,0,0,7
1.78169E+12,199,"SELECT p_size, MIN(ps_availqty) AS stoc_minim FROM master_supplier GROUP BY p_size ORDER BY stoc_minim ASC;",200,OK,Thread 1-1,TRUE,,259,0,1,1,null,198,0,0,50
1.78169E+12,2094,"SELECT c_nation_name AS n_name, MAX(o_totalprice) AS comanda_record FROM master_sales GROUP BY c_nation_name ORDER BY comanda_record DESC;",200,OK,Thread 1-1,TRUE,,474,0,1,1,null,2093,0,0,25
1.78169E+12,268,"SELECT s_nation_name AS n_name, MIN(ps_supplycost) AS cel_mai_bun_cost FROM master_supplier GROUP BY s_nation_name ORDER BY cel_mai_bun_cost ASC;",200,OK,Thread 1-1,TRUE,,351,0,1,1,null,268,0,0,25
1.78169E+12,1918,"SELECT o_orderpriority, MAX(l_tax) AS taxa_maxima FROM master_sales GROUP BY o_orderpriority ORDER BY taxa_maxima DESC;",200,OK,Thread 1-1,TRUE,,100,0,1,1,null,1917,0,0,5
1.78169E+12,136,"SELECT p_brand, MAX(s_acctbal) AS sold_maxim_furnizor FROM master_supplier WHERE p_brand = 'Brand#12' GROUP BY p_brand ORDER BY sold_maxim_furnizor DESC;",200,OK,Thread 1-1,TRUE,,45,0,1,1,null,136,0,1,1
1.78169E+12,1389,"SELECT ms.c_name, ms.c_mktsegment, ms.o_orderdate, ms.o_orderpriority, ms.l_shipmode, ms.l_extendedprice, ms.c_nation_name, ms.c_region_name FROM master_sales ms WHERE ms.c_mktsegment = 'AUTOMOBILE' AND ms.o_orderpriority = '1-URGENT' AND ms.l_shipmode = 'AIR' AND ms.c_region_name = 'EUROPE' ORDER BY ms.o_orderdate DESC, ms.l_extendedprice DESC;",200,OK,Thread 1-1,TRUE,,78907,0,1,1,null,1378,0,0,1000
1.78169E+12,1797,"SELECT ms.c_name, ms.c_acctbal, ms.o_orderdate, ms.o_totalprice, ms.l_returnflag, ms.l_discount, ms.c_nation_name, ms.c_region_name FROM master_sales ms WHERE ms.o_orderstatus = 'F' AND ms.l_returnflag = 'R' AND ms.l_discount > 0.07 AND ms.c_region_name = 'ASIA' ORDER BY ms.l_discount DESC, ms.o_totalprice DESC;",200,OK,Thread 1-1,TRUE,,67243,0,1,1,null,1790,0,0,1000
1.78169E+12,1262,"SELECT ms.c_name, ms.c_mktsegment, ms.o_orderdate, ms.o_orderpriority, ms.l_shipmode, ms.l_quantity, ms.c_nation_name, ms.c_region_name FROM master_sales ms WHERE ms.c_mktsegment = 'BUILDING' AND ms.l_shipmode = 'SHIP' AND ms.o_orderdate > '1997-01-01' AND ms.c_region_name = 'AMERICA' ORDER BY ms.o_orderdate DESC, ms.l_quantity DESC;",200,OK,Thread 1-1,TRUE,,75672,0,1,1,null,1257,0,0,1000
1.78169E+12,7029,"SELECT ms.c_name, ms.o_orderdate, ms.o_orderpriority, ms.l_extendedprice, ms.l_shipmode, msu.s_name, msu.s_acctbal FROM master_sales ms INNER JOIN master_supplier msu ON ms.l_suppkey = msu.ps_suppkey WHERE ms.o_orderpriority = '1-URGENT' AND ms.l_shipmode = 'AIR' AND msu.s_acctbal > 5000 ORDER BY ms.l_extendedprice DESC, ms.o_orderdate DESC;",200,OK,Thread 1-1,TRUE,,80079,0,1,1,null,7023,0,0,1000
1.78169E+12,5968,"SELECT ms.c_name, ms.o_orderdate, ms.l_extendedprice, ms.l_discount, msu.s_name, msu.s_nation_name AS natiune_furnizor FROM master_sales ms INNER JOIN master_supplier msu ON ms.l_suppkey = msu.ps_suppkey WHERE msu.s_nation_name = 'GERMANY' AND ms.l_discount > 0.05 AND ms.o_orderstatus = 'F' ORDER BY ms.l_extendedprice DESC, ms.o_orderdate ASC;",200,OK,Thread 1-1,TRUE,,72070,0,1,1,null,5963,0,0,1000
1.78169E+12,4074,"SELECT ms.c_name, msu.s_name, ms.o_orderdate, ms.l_extendedprice, ms.l_shipmode, ms.c_nation_name AS nat_client, msu.s_nation_name AS nat_furnizor, ms.c_region_name AS regiune FROM master_sales ms INNER JOIN master_supplier msu ON ms.l_suppkey = msu.ps_suppkey WHERE ms.c_region_name = msu.s_region_name AND ms.c_region_name = 'EUROPE' AND ms.l_shipmode = 'RAIL' ORDER BY ms.o_orderdate DESC, ms.l_extendedprice DESC;",200,OK,Thread 1-1,TRUE,,88685,0,1,1,null,4070,0,0,1000
1.78169E+12,1517,"SELECT ms.c_name, msu.s_name, ms.o_orderdate, ms.o_orderpriority, ms.l_extendedprice, ms.l_returnflag, ms.c_nation_name AS nat_client, msu.s_nation_name AS nat_furnizor FROM master_sales ms INNER JOIN master_supplier msu ON ms.l_suppkey = msu.ps_suppkey WHERE ms.c_nation_name = 'FRANCE' AND msu.s_nation_name = 'GERMANY' AND ms.o_orderpriority = '1-URGENT' ORDER BY ms.o_orderdate DESC, ms.l_extendedprice DESC;",200,OK,Thread 1-1,TRUE,,84015,0,1,1,null,1513,0,1,1000
1.78169E+12,3158,"SELECT ms.c_name, ms.o_orderdate, ms.l_extendedprice, ms.l_quantity, msu.p_name, msu.p_type, ms.c_nation_name, ms.c_region_name FROM master_sales ms INNER JOIN master_supplier msu ON ms.l_partkey = msu.ps_partkey WHERE msu.p_type LIKE '%BRASS%' AND ms.c_region_name = 'MIDDLE EAST' AND ms.l_quantity > 20 ORDER BY ms.l_extendedprice DESC, ms.o_orderdate ASC;",200,OK,Thread 1-1,TRUE,,121032,0,1,1,null,3154,0,1,1000
1.78169E+12,2500,"SELECT ms.c_name, ms.c_mktsegment, msu.s_name, msu.s_acctbal, ms.o_orderdate, ms.l_extendedprice, ms.l_shipmode, ms.c_nation_name AS nat_client, ms.c_region_name FROM master_sales ms INNER JOIN master_supplier msu ON ms.l_suppkey = msu.ps_suppkey WHERE ms.c_mktsegment = 'HOUSEHOLD' AND ms.c_region_name = 'AFRICA' AND msu.s_acctbal > 7000 AND ms.l_shipmode = 'TRUCK' ORDER BY msu.s_acctbal DESC, ms.l_extendedprice DESC;",200,OK,Thread 1-1,TRUE,,97341,0,1,1,null,2495,0,0,1000
1.78169E+12,3939,"SELECT ms.c_name, msu.s_name, ms.o_orderdate, ms.o_orderpriority, ms.l_extendedprice, ms.l_shipmode, ms.c_nation_name AS nat_client, msu.s_nation_name AS nat_furnizor, ms.c_region_name AS regiune_comuna FROM master_sales ms INNER JOIN master_supplier msu ON ms.l_suppkey = msu.ps_suppkey WHERE ms.c_region_name = msu.s_region_name AND ms.c_region_name = 'AMERICA' AND ms.o_orderpriority IN ('1-URGENT','2-HIGH') AND ms.l_shipmode IN ('AIR','RAIL') ORDER BY ms.o_orderdate DESC, ms.l_extendedprice DESC;",200,OK,Thread 1-1,TRUE,,94828,0,1,1,null,3933,0,0,1000
1.78169E+12,11469,"SELECT ms.c_nation_name AS natiune_client, ms.o_orderstatus, COUNT(DISTINCT ms.l_orderkey) AS nr_comenzi FROM master_sales ms WHERE ms.o_orderstatus IN ('F','O') GROUP BY ms.c_nation_name, ms.o_orderstatus ORDER BY ms.c_nation_name ASC, nr_comenzi DESC;",200,OK,Thread 1-1,TRUE,,844,0,1,1,null,11468,0,0,50
1.78169E+12,2010,"SELECT ms.c_region_name AS regiune_client, ms.l_shipmode, COUNT(*) AS nr_linii FROM master_sales ms WHERE ms.l_shipmode IN ('AIR','RAIL','TRUCK','SHIP') GROUP BY ms.c_region_name, ms.l_shipmode ORDER BY ms.c_region_name ASC, nr_linii DESC;",200,OK,Thread 1-1,TRUE,,431,0,1,1,null,2010,0,0,20
1.78169E+12,899,"SELECT msu.s_nation_name AS natiune_furnizor, msu.p_type, COUNT(DISTINCT msu.ps_suppkey) AS nr_furnizori FROM master_supplier msu WHERE msu.p_type LIKE '%STEEL%' OR msu.p_type LIKE '%BRASS%' GROUP BY msu.s_nation_name, msu.p_type ORDER BY msu.s_nation_name ASC, nr_furnizori DESC;",200,OK,Thread 1-1,TRUE,,32738,0,1,1,null,896,0,0,1000
1.78169E+12,512851,"SELECT msu.s_region_name AS regiune_furnizor, ms.o_orderpriority, COUNT(DISTINCT ms.l_orderkey) AS nr_comenzi FROM master_sales ms INNER JOIN master_supplier msu ON ms.l_suppkey = msu.ps_suppkey WHERE ms.o_orderpriority IN ('1-URGENT','2-HIGH','3-MEDIUM') GROUP BY msu.s_region_name, ms.o_orderpriority ORDER BY msu.s_region_name ASC, nr_comenzi DESC;",200,OK,Thread 1-1,TRUE,,391,0,1,1,null,512847,0,0,15
1.78169E+12,467,"SELECT msu.s_region_name AS regiune_furnizor, msu.p_brand, COUNT(DISTINCT msu.ps_partkey) AS nr_piese FROM master_supplier msu WHERE msu.p_brand IN ('Brand#12','Brand#23','Brand#34','Brand#45') GROUP BY msu.s_region_name, msu.p_brand ORDER BY msu.s_region_name ASC, nr_piese DESC;",200,OK,Thread 1-1,TRUE,,470,0,1,1,null,467,0,0,20
1.78169E+12,7113,"SELECT ms.c_nation_name AS natiune_client, ms.c_mktsegment, COUNT(DISTINCT ms.c_name) AS nr_clienti_activi FROM master_sales ms WHERE ms.o_orderdate BETWEEN '1995-01-01' AND '1997-12-31' GROUP BY ms.c_nation_name, ms.c_mktsegment ORDER BY ms.c_nation_name ASC, nr_clienti_activi DESC;",200,OK,Thread 1-1,TRUE,,2806,0,1,1,null,7112,0,0,125
1.78169E+12,1396,"SELECT ms.c_region_name AS regiune_client, EXTRACT (YEAR FROM ms.o_orderdate) AS an_comanda, COUNT(*) AS nr_linii_returnate FROM master_sales ms WHERE ms.l_returnflag = 'R' GROUP BY ms.c_region_name, EXTRACT (YEAR FROM ms.o_orderdate) ORDER BY ms.c_region_name ASC, an_comanda ASC;",200,OK,Thread 1-1,TRUE,,421,0,1,1,null,1396,0,0,20
1.78169E+12,7925,"SELECT ms.c_nation_name AS natiune_client, msu.s_nation_name AS natiune_furnizor, COUNT(DISTINCT ms.c_name) AS nr_clienti, COUNT(DISTINCT msu.ps_suppkey) AS nr_furnizori FROM master_sales ms INNER JOIN master_supplier msu ON ms.l_suppkey = msu.ps_suppkey WHERE ms.c_nation_name IN ('FRANCE','GERMANY') AND msu.s_nation_name IN ('FRANCE','GERMANY') GROUP BY ms.c_nation_name, msu.s_nation_name ORDER BY ms.c_nation_name ASC, msu.s_nation_name ASC;",200,OK,Thread 1-1,TRUE,,152,0,1,1,null,7924,0,0,4
1.78169E+12,530,"SELECT msu.s_region_name AS regiune_furnizor, msu.p_container, msu.p_size, COUNT(DISTINCT msu.ps_partkey) AS nr_piese FROM master_supplier msu WHERE msu.p_size BETWEEN 5 AND 15 GROUP BY msu.s_region_name, msu.p_container, msu.p_size ORDER BY msu.s_region_name ASC, nr_piese DESC;",200,OK,Thread 1-1,TRUE,,21359,0,1,1,null,524,0,0,1000
1.78169E+12,1327931,"SELECT ms.c_region_name AS regiune_client, msu.s_region_name AS regiune_furnizor, COUNT(DISTINCT ms.l_orderkey) AS nr_comenzi, COUNT(DISTINCT ms.c_name) AS nr_clienti FROM master_sales ms INNER JOIN master_supplier msu ON ms.l_suppkey = msu.ps_suppkey WHERE ms.o_orderdate BETWEEN '1994-01-01' AND '1997-12-31' GROUP BY ms.c_region_name, msu.s_region_name ORDER BY ms.c_region_name ASC, nr_comenzi DESC;",200,OK,Thread 1-1,TRUE,,756,0,1,1,null,1327928,0,0,25
1.78169E+12,15923,"SELECT ms.c_nation_name AS natiune_client, EXTRACT (YEAR FROM ms.o_orderdate) AS an_comanda, SUM(ms.l_extendedprice) AS total_facturat FROM master_sales ms WHERE ms.o_orderdate BETWEEN '1993-01-01' AND '1997-12-31' GROUP BY ms.c_nation_name, EXTRACT (YEAR FROM ms.o_orderdate) ORDER BY ms.c_nation_name ASC, an_comanda ASC;",200,OK,Thread 1-1,TRUE,,3426,0,1,1,null,15922,0,0,125
1.78169E+12,3212,"SELECT ms.c_region_name AS regiune_client, ms.l_shipmode, SUM(ms.l_extendedprice * (1 - ms.l_discount)) AS valoare_neta_totala FROM master_sales ms WHERE ms.l_shipmode IN ('AIR','RAIL','TRUCK','SHIP','MAIL') GROUP BY ms.c_region_name, ms.l_shipmode ORDER BY ms.c_region_name ASC, valoare_neta_totala DESC;",200,OK,Thread 1-1,TRUE,,766,0,1,1,null,3211,0,1,25
1.78169E+12,137920,"SELECT msu.s_nation_name AS natiune_furnizor, ms.l_linestatus, SUM(ms.l_tax) AS total_taxe FROM master_sales ms INNER JOIN master_supplier msu ON ms.l_suppkey = msu.ps_suppkey WHERE ms.l_linestatus IN ('F','O') GROUP BY msu.s_nation_name, ms.l_linestatus ORDER BY msu.s_nation_name ASC, total_taxe DESC;",200,OK,Thread 1-1,TRUE,,1045,0,1,1,null,137917,0,0,50
1.78169E+12,137101,"SELECT msu.s_region_name AS regiune_furnizor, ms.o_orderpriority, SUM(ms.l_discount) AS total_discount FROM master_sales ms INNER JOIN master_supplier msu ON ms.l_suppkey = msu.ps_suppkey WHERE ms.o_orderpriority IN ('1-URGENT','2-HIGH','3-MEDIUM','4-NOT SPECIFIED','5-LOW') GROUP BY msu.s_region_name, ms.o_orderpriority ORDER BY msu.s_region_name ASC, total_discount DESC;",200,OK,Thread 1-1,TRUE,,728,0,1,1,null,137098,0,0,25
1.78169E+12,45576,"SELECT ms.c_nation_name AS natiune_client, msu.s_nation_name AS natiune_furnizor, SUM(ms.l_extendedprice) AS total_facturat FROM master_sales ms INNER JOIN master_supplier msu ON ms.l_suppkey = msu.ps_suppkey WHERE EXTRACT (YEAR FROM ms.o_orderdate) BETWEEN 1995 AND 1996 GROUP BY ms.c_nation_name, msu.s_nation_name ORDER BY total_facturat DESC;",200,OK,Thread 1-1,TRUE,,18899,0,1,1,null,45573,0,0,625
1.78169E+12,100464,"SELECT ms.c_region_name AS regiune_client, msu.s_region_name AS regiune_furnizor, SUM(ms.l_extendedprice * (1 - ms.l_discount)) AS valoare_neta_totala FROM master_sales ms INNER JOIN master_supplier msu ON ms.l_suppkey = msu.ps_suppkey WHERE ms.o_orderstatus = 'F' GROUP BY ms.c_region_name, msu.s_region_name ORDER BY valoare_neta_totala DESC;",200,OK,Thread 1-1,TRUE,,892,0,1,1,null,100460,0,0,25
1.78169E+12,33704,"SELECT msu.s_nation_name AS natiune_furnizor, msu.p_brand, SUM(ms.l_quantity) AS total_cantitate, SUM(ms.l_extendedprice) AS total_facturat FROM master_sales ms INNER JOIN master_supplier msu ON ms.l_suppkey = msu.ps_suppkey WHERE msu.p_brand IN ('Brand#12','Brand#23','Brand#34','Brand#45','Brand#55') GROUP BY msu.s_nation_name, msu.p_brand ORDER BY msu.s_nation_name ASC, total_facturat DESC;",200,OK,Thread 1-1,TRUE,,5566,0,1,1,null,33700,0,0,125
1.78169E+12,39618,"SELECT ms.c_mktsegment, msu.s_region_name AS regiune_furnizor, SUM(ms.l_tax) AS total_taxe, SUM(ms.l_discount) AS total_discount FROM master_sales ms INNER JOIN master_supplier msu ON ms.l_suppkey = msu.ps_suppkey WHERE ms.l_returnflag = 'R' GROUP BY ms.c_mktsegment, msu.s_region_name ORDER BY ms.c_mktsegment ASC, total_taxe DESC;",200,OK,Thread 1-1,TRUE,,1001,0,1,1,null,39615,0,1,25
1.78169E+12,10064,"SELECT ms.c_region_name AS regiune_client, msu.p_type, SUM(ms.l_extendedprice) AS total_facturat FROM master_sales ms INNER JOIN master_supplier msu ON ms.l_partkey = msu.ps_partkey WHERE msu.p_type LIKE 'STANDARD%' OR msu.p_type LIKE 'PROMO%' GROUP BY ms.c_region_name, msu.p_type ORDER BY ms.c_region_name ASC, total_facturat DESC;",200,OK,Thread 1-1,TRUE,,11012,0,1,1,null,10060,0,0,250
1.78169E+12,194662,"SELECT ms.c_region_name AS regiune_client, msu.s_region_name AS regiune_furnizor, EXTRACT (YEAR FROM ms.o_orderdate) AS an_comanda, SUM(ms.l_extendedprice) AS total_facturat, SUM(ms.l_tax) AS total_taxe, SUM(ms.l_discount) AS total_discount FROM master_sales ms JOIN master_supplier msu ON ms.l_suppkey = msu.ps_suppkey WHERE ms.o_orderdate BETWEEN '1993-01-01' AND '1997-12-31' GROUP BY ms.c_region_name, msu.s_region_name, EXTRACT (YEAR FROM ms.o_orderdate) ORDER BY ms.c_region_name ASC, msu.s_region_name ASC, an_comanda ASC;",200,OK,Thread 1-1,TRUE,,7159,0,1,1,null,194659,0,0,125
1.78169E+12,1897,"SELECT ms.c_nation_name AS natiune_client, SUM(ms.l_extendedprice) AS total_facturat FROM master_sales ms WHERE ms.o_orderstatus = 'F' GROUP BY ms.c_nation_name HAVING SUM(ms.l_extendedprice) > 5000000 ORDER BY total_facturat DESC;",200,OK,Thread 1-1,TRUE,,582,0,1,1,null,1896,0,0,25
1.78169E+12,2405,"SELECT ms.c_region_name AS regiune_client, COUNT(DISTINCT ms.l_orderkey) AS nr_comenzi_urgente FROM master_sales ms WHERE ms.o_orderpriority = '1-URGENT' GROUP BY ms.c_region_name HAVING COUNT(DISTINCT ms.l_orderkey) > 500 ORDER BY nr_comenzi_urgente DESC;",200,OK,Thread 1-1,TRUE,,103,0,1,1,null,2405,0,0,5
1.78169E+12,91677,"SELECT msu.s_nation_name AS natiune_furnizor, msu.s_name, SUM(ms.l_tax) AS total_taxe FROM master_sales ms INNER JOIN master_supplier msu ON ms.l_suppkey = msu.ps_suppkey WHERE ms.l_linestatus = 'F' GROUP BY msu.s_nation_name, msu.ps_suppkey, msu.s_name HAVING SUM(ms.l_tax) > 40 ORDER BY msu.s_nation_name ASC, total_taxe DESC;",200,OK,Thread 1-1,TRUE,,35042,0,1,1,null,91672,0,0,1000
1.78169E+12,126771,"SELECT ms.c_nation_name AS natiune_client, msu.s_nation_name AS natiune_furnizor, SUM(ms.l_extendedprice * (1 - ms.l_discount)) AS valoare_neta FROM master_sales ms INNER JOIN master_supplier msu ON ms.l_suppkey = msu.ps_suppkey WHERE EXTRACT (YEAR FROM ms.o_orderdate) BETWEEN 1994 AND 1997 GROUP BY ms.c_nation_name, msu.s_nation_name HAVING SUM(ms.l_extendedprice * (1 - ms.l_discount)) > 1000000 ORDER BY valoare_neta DESC;",200,OK,Thread 1-1,TRUE,,20770,0,1,1,null,126767,0,0,625
1.78169E+12,26780,"SELECT msu.s_region_name AS regiune_furnizor, SUM(ms.l_discount) AS total_discount FROM master_sales ms INNER JOIN master_supplier msu ON ms.l_suppkey = msu.ps_suppkey WHERE ms.l_returnflag = 'R' GROUP BY msu.s_region_name HAVING SUM(ms.l_discount) > 1000 ORDER BY total_discount DESC;",200,OK,Thread 1-1,TRUE,,126,0,1,1,null,26778,0,0,5
1.78169E+12,869,"SELECT msu.s_region_name AS regiune_furnizor, msu.p_brand, COUNT(DISTINCT msu.ps_suppkey) AS nr_furnizori FROM master_supplier msu WHERE msu.p_size BETWEEN 1 AND 20 GROUP BY msu.s_region_name, msu.p_brand HAVING COUNT(DISTINCT msu.ps_suppkey) > 3 ORDER BY msu.s_region_name ASC, nr_furnizori DESC;",200,OK,Thread 1-1,TRUE,,2763,0,1,1,null,868,0,1,125
1.78169E+12,1342,"SELECT ms.c_region_name AS regiune_client, ms.c_mktsegment, SUM(ms.l_extendedprice) AS total_returnat FROM master_sales ms WHERE ms.l_returnflag = 'R' GROUP BY ms.c_region_name, ms.c_mktsegment HAVING SUM(ms.l_extendedprice) > 2000000 ORDER BY ms.c_region_name ASC, total_returnat DESC;",200,OK,Thread 1-1,TRUE,,838,0,1,1,null,1341,0,0,25
1.78169E+12,28245,"SELECT ms.c_region_name AS regiune_client, msu.s_region_name AS regiune_furnizor, COUNT(*) AS nr_linii_returnate FROM master_sales ms JOIN master_supplier msu ON ms.l_suppkey = msu.ps_suppkey WHERE ms.l_returnflag = 'R' GROUP BY ms.c_region_name, msu.s_region_name HAVING COUNT(*) > 500 ORDER BY nr_linii_returnate DESC;",200,OK,Thread 1-1,TRUE,,641,0,1,1,null,28244,0,0,25
1.78169E+12,8469,"SELECT msu.p_type, SUM(ms.l_extendedprice) AS total_facturat, COUNT(DISTINCT msu.ps_partkey) AS nr_piese FROM master_sales ms INNER JOIN master_supplier msu ON ms.l_partkey = msu.ps_partkey WHERE ms.c_region_name = 'EUROPE' GROUP BY msu.p_type HAVING SUM(ms.l_extendedprice) > 1500000 ORDER BY total_facturat DESC;",200,OK,Thread 1-1,TRUE,,6121,0,1,1,null,8468,0,1,150
1.78169E+12,1658059,"SELECT ms.c_region_name AS regiune_client, msu.s_region_name AS regiune_furnizor, SUM(ms.l_extendedprice) AS total_facturat, SUM(ms.l_tax) AS total_taxe, COUNT(DISTINCT ms.l_orderkey) AS nr_comenzi FROM master_sales ms INNER JOIN master_supplier msu ON ms.l_suppkey = msu.ps_suppkey WHERE ms.o_orderdate BETWEEN '1993-01-01' AND '1997-12-31' GROUP BY ms.c_region_name, msu.s_region_name HAVING SUM(ms.l_extendedprice) > 10000000 AND COUNT(DISTINCT ms.l_orderkey) > 1000 ORDER BY total_facturat DESC;",200,OK,Thread 1-1,TRUE,,1284,0,1,1,null,1658056,0,0,25
1.7817E+12,16565,"SELECT ms.c_nation_name AS natiune_client, ms.l_shipmode, MAX(ms.l_extendedprice) AS pret_maxim, MIN(ms.l_extendedprice) AS pret_minim FROM master_sales ms WHERE ms.l_shipmode IN ('AIR','RAIL','TRUCK','SHIP','MAIL','FOB','REG AIR') GROUP BY ms.c_nation_name, ms.l_shipmode ORDER BY pret_maxim DESC;",200,OK,Thread 1-1,TRUE,,5362,0,1,1,null,16564,0,0,175
1.7817E+12,3054,"SELECT ms.c_region_name AS regiune_client, ms.o_orderpriority, MAX(ms.l_quantity) AS cantitate_maxima, MIN(ms.l_quantity) AS cantitate_minima FROM master_sales ms WHERE ms.o_orderpriority IN ('1-URGENT','2-HIGH','3-MEDIUM','4-NOT SPECIFIED','5-LOW') GROUP BY ms.c_region_name, ms.o_orderpriority ORDER BY ms.c_region_name ASC, cantitate_maxima DESC;",200,OK,Thread 1-1,TRUE,,770,0,1,1,null,3053,0,0,25
1.7817E+12,2047,"SELECT msu.s_region_name AS regiune_furnizor, msu.p_mfgr, MAX(msu.p_retailprice) AS pret_maxim_catalog, MIN(msu.p_retailprice) AS pret_minim_catalog FROM master_supplier msu WHERE msu.p_mfgr IN ('Manufacturer#1','Manufacturer#2','Manufacturer#3','Manufacturer#4','Manufacturer#5') GROUP BY msu.s_region_name, msu.p_mfgr ORDER BY msu.s_region_name ASC, pret_maxim_catalog DESC;",200,OK,Thread 1-1,TRUE,,1007,0,1,1,null,2047,0,0,25
1.7817E+12,332,"SELECT msu.s_nation_name AS natiune_furnizor, msu.p_brand, MAX(msu.ps_supplycost) AS cost_maxim_aprovizionare, MIN(msu.ps_supplycost) AS cost_minim_aprovizionare FROM master_supplier msu WHERE msu.p_size BETWEEN 5 AND 25 GROUP BY msu.s_nation_name, msu.p_brand ORDER BY cost_maxim_aprovizionare DESC;",200,OK,Thread 1-1,TRUE,,18257,0,1,1,null,331,0,1,625
1.7817E+12,72298,"SELECT ms.c_nation_name AS natiune_client, msu.s_nation_name AS natiune_furnizor, MAX(ms.l_discount) AS discount_maxim, MIN(ms.l_discount) AS discount_minim FROM master_sales ms INNER JOIN master_supplier msu ON ms.l_suppkey = msu.ps_suppkey WHERE ms.o_orderstatus = 'F' GROUP BY ms.c_nation_name, msu.s_nation_name ORDER BY discount_maxim DESC, ms.c_nation_name ASC;",200,OK,Thread 1-1,TRUE,,16412,0,1,1,null,72293,0,0,625
1.7817E+12,10535,"SELECT ms.c_region_name AS regiune_client, msu.p_type, MAX(ms.l_extendedprice) AS pret_maxim_linie, MIN(ms.l_extendedprice) AS pret_minim_linie FROM master_sales ms INNER JOIN master_supplier msu ON ms.l_partkey = msu.ps_partkey WHERE msu.p_type LIKE 'PROMO%' OR msu.p_type LIKE 'STANDARD%' GROUP BY ms.c_region_name, msu.p_type ORDER BY ms.c_region_name ASC, pret_maxim_linie DESC;",200,OK,Thread 1-1,TRUE,,11783,0,1,1,null,10533,0,0,250
1.7817E+12,90768,"SELECT ms.c_region_name AS regiune_client, msu.s_region_name AS regiune_furnizor, MAX(ms.l_tax) AS taxa_maxima, MIN(ms.l_tax) AS taxa_minima FROM master_sales ms INNER JOIN master_supplier msu ON ms.l_suppkey = msu.ps_suppkey WHERE ms.o_orderdate BETWEEN '1994-01-01' AND '1997-12-31' GROUP BY ms.c_region_name, msu.s_region_name ORDER BY taxa_maxima DESC, ms.c_region_name ASC;",200,OK,Thread 1-1,TRUE,,696,0,1,1,null,90766,0,0,25
1.7817E+12,425,"SELECT msu.s_region_name AS regiune_furnizor, msu.p_container, MAX(msu.ps_availqty) AS stoc_maxim, MIN(msu.ps_availqty) AS stoc_minim FROM master_supplier msu WHERE msu.ps_availqty > 0 GROUP BY msu.s_region_name, msu.p_container ORDER BY stoc_maxim DESC, msu.s_region_name ASC;",200,OK,Thread 1-1,TRUE,,4736,0,1,1,null,424,0,0,200
1.7817E+12,12080,"SELECT ms.c_nation_name AS natiune_client, msu.p_mfgr AS producator, MAX(ms.l_extendedprice) AS pret_maxim_facturat, MIN(ms.l_extendedprice) AS pret_minim_facturat FROM master_sales ms INNER JOIN master_supplier msu ON ms.l_partkey = msu.ps_partkey WHERE msu.p_mfgr IN ('Manufacturer#1','Manufacturer#2','Manufacturer#3','Manufacturer#4','Manufacturer#5') GROUP BY ms.c_nation_name, msu.p_mfgr ORDER BY ms.c_nation_name ASC, pret_maxim_facturat DESC;",200,OK,Thread 1-1,TRUE,,5076,0,1,1,null,12079,0,0,125
1.7817E+12,166671,"SELECT ms.c_region_name AS regiune_client, msu.s_region_name AS regiune_furnizor, msu.p_mfgr AS producator, MAX(ms.l_extendedprice) AS pret_maxim, MIN(ms.l_extendedprice) AS pret_minim, MAX(ms.l_discount) AS discount_maxim, MIN(ms.l_discount) AS discount_minim FROM master_sales ms INNER JOIN master_supplier msu ON ms.l_suppkey = msu.ps_suppkey WHERE ms.o_orderdate BETWEEN '1993-01-01' AND '1997-12-31' GROUP BY ms.c_region_name, msu.s_region_name, msu.p_mfgr ORDER BY pret_maxim DESC, ms.c_region_name ASC;",200,OK,Thread 1-1,TRUE,,7295,0,1,1,null,166669,0,0,125
